{"cameraMode":{"drawMode":0,"name":"Shaded","section":"Shading Mode"},"sceneLighting":false,"audioPlay":false,"sceneViewState":{"showFog":true,"showMaterialUpdate":false,"showSkybox":true,"showFlares":true,"showImageEffects":true,"showParticleSystems":true},"in2DMode":false,"pivot":{"x":-4.026692867279053,"y":2.903118371963501,"z":2.658980369567871},"rotation":{"x":0.1082470491528511,"y":0.8526739478111267,"z":-0.19544337689876557,"w":0.47226226329803469},"size":4.200057029724121,"orthographic":false}